"DateTime","Заражений за день","Выздоровлений за день","Смертей за день"
2020-03-12 00:00:00,34,0,0
2020-03-13 00:00:00,11,0,0
2020-03-14 00:00:00,14,0,0
2020-03-15 00:00:00,4,3,0
2020-03-16 00:00:00,28,2,0
2020-03-17 00:00:00,23,0,0
2020-03-18 00:00:00,33,0,0
2020-03-19 00:00:00,52,0,0
2020-03-20 00:00:00,54,7,0
2020-03-21 00:00:00,53,4,0
2020-03-22 00:00:00,61,0,0
2020-03-23 00:00:00,71,1,0
2020-03-24 00:00:00,57,5,0
2020-03-25 00:00:00,163,7,2
2020-03-26 00:00:00,182,6,0
2020-03-27 00:00:00,196,7,1
2020-03-28 00:00:00,228,4,2
2020-03-29 00:00:00,270,18,3
2020-03-30 00:00:00,302,2,1
2020-03-31 00:00:00,501,55,8
2020-04-01 00:00:00,440,69,7
2020-04-02 00:00:00,771,45,6
2020-04-03 00:00:00,601,46,4
2020-04-04 00:00:00,582,52,9
2020-04-05 00:00:00,658,22,2
2020-04-06 00:00:00,954,51,2
2020-04-07 00:00:00,1154,88,11
2020-04-08 00:00:00,1175,86,5
2020-04-09 00:00:00,1459,118,13
2020-04-10 00:00:00,1786,97,18
2020-04-11 00:00:00,1667,250,12
2020-04-12 00:00:00,2175,246,24
2020-04-13 00:00:00,2569,179,18
2020-04-14 00:00:00,2774,224,22
2020-04-15 00:00:00,3388,292,28
2020-04-16 00:00:00,3448,318,34
2020-04-17 00:00:00,4070,286,41
2020-04-18 00:00:00,4785,467,40
2020-04-19 00:00:00,6060,234,48
2020-04-20 00:00:00,4268,155,44
2020-04-21 00:00:00,5642,427,51
2020-04-22 00:00:00,5236,547,57
2020-04-23 00:00:00,4774,471,42
2020-04-24 00:00:00,5849,677,60
2020-04-25 00:00:00,5966,682,66
2020-04-26 00:00:00,6361,517,62
2020-04-27 00:00:00,6198,579,50
2020-04-28 00:00:00,6411,1110,71
2020-04-29 00:00:00,5841,1830,108
2020-04-30 00:00:00,7099,1333,101
2020-05-01 00:00:00,7933,1601,92
2020-05-02 00:00:00,9623,1793,57
2020-05-03 00:00:00,10633,1626,58
2020-05-04 00:00:00,10581,1456,76
2020-05-05 00:00:00,10102,1770,95
2020-05-06 00:00:00,10559,1462,86
2020-05-07 00:00:00,11231,2476,88
2020-05-08 00:00:00,10699,2805,98
2020-05-09 00:00:00,10817,5308,104
2020-05-10 00:00:00,11012,2390,88
2020-05-11 00:00:00,11656,5495,94
2020-05-12 00:00:00,10899,3711,107
2020-05-13 00:00:00,10028,4491,96
2020-05-14 00:00:00,9974,5527,93
2020-05-15 00:00:00,10598,4696,113
2020-05-16 00:00:00,9200,4940,119
2020-05-17 00:00:00,9709,4207,94
2020-05-18 00:00:00,8926,2836,91
2020-05-19 00:00:00,9263,5921,115
2020-05-20 00:00:00,8764,9262,135
2020-05-21 00:00:00,8849,7289,127
2020-05-22 00:00:00,8894,7144,150
2020-05-23 00:00:00,9434,8111,139
2020-05-24 00:00:00,8599,5363,153
2020-05-25 00:00:00,8946,5499,92
2020-05-26 00:00:00,8915,12331,174
2020-05-27 00:00:00,8338,11079,161
2020-05-28 00:00:00,8371,8785,174
2020-05-29 00:00:00,8572,8264,232
2020-05-30 00:00:00,8952,8212,181
2020-05-31 00:00:00,9268,4414,138
2020-06-01 00:00:00,9035,3994,162
2020-06-02 00:00:00,8863,11108,182
2020-06-03 00:00:00,8536,8972,178
2020-06-04 00:00:00,8831,8666,169
2020-06-05 00:00:00,8726,8057,144
2020-06-06 00:00:00,8855,8708,197
2020-06-07 00:00:00,8984,5343,134
2020-06-08 00:00:00,8985,3957,112
2020-06-09 00:00:00,8595,11709,171
2020-06-10 00:00:00,8404,10386,216
2020-06-11 00:00:00,8779,8367,174
2020-06-12 00:00:00,8987,8220,183
2020-06-13 00:00:00,8706,5271,114
2020-06-14 00:00:00,8835,5409,119
2020-06-15 00:00:00,8246,4489,143
2020-06-16 00:00:00,8248,9767,193
2020-06-17 00:00:00,7843,10036,194
2020-06-18 00:00:00,7790,9621,182
2020-06-19 00:00:00,7972,10443,181
2020-06-20 00:00:00,7889,10186,161
2020-06-21 00:00:00,7728,5119,109
2020-06-22 00:00:00,7600,4705,95
2020-06-23 00:00:00,7425,12013,153
2020-06-24 00:00:00,7176,12393,154
2020-06-25 00:00:00,7113,6342,92
2020-06-26 00:00:00,6800,8988,176
2020-06-27 00:00:00,6852,9200,188
2020-06-28 00:00:00,6791,5735,104
2020-06-29 00:00:00,6719,4343,93
2020-06-30 00:00:00,6693,9220,154
2020-07-01 00:00:00,6556,10281,216
2020-07-02 00:00:00,6760,6047,147
2020-07-03 00:00:00,6718,8915,176
2020-07-04 00:00:00,6632,8986,168
2020-07-05 00:00:00,6736,3871,134
2020-07-06 00:00:00,6611,3579,135
2020-07-07 00:00:00,6368,9551,198
2020-07-08 00:00:00,6562,8631,173
2020-07-09 00:00:00,6509,8805,176
2020-07-10 00:00:00,6635,7752,174
2020-07-11 00:00:00,6611,8378,188
2020-07-12 00:00:00,6615,3615,130
2020-07-13 00:00:00,6537,2960,104
2020-07-14 00:00:00,6248,8804,175
2020-07-15 00:00:00,6422,10424,156
2020-07-16 00:00:00,6428,8443,167
2020-07-17 00:00:00,6406,7681,186
2020-07-18 00:00:00,6234,7490,124
2020-07-19 00:00:00,6109,3481,95
2020-07-20 00:00:00,5940,3258,85
2020-07-21 00:00:00,5842,8782,153
2020-07-22 00:00:00,5862,9669,165
2020-07-23 00:00:00,5848,8277,147
2020-07-24 00:00:00,5811,8444,154
2020-07-25 00:00:00,5871,8366,146
2020-07-26 00:00:00,5765,3110,77
2020-07-27 00:00:00,5635,3079,85
2020-07-28 00:00:00,5395,8888,150
2020-07-29 00:00:00,5475,8116,169
2020-07-30 00:00:00,5509,9322,129
2020-07-31 00:00:00,5482,8755,161
2020-08-01 00:00:00,5462,8114,95
2020-08-02 00:00:00,5427,3649,70
2020-08-03 00:00:00,5394,3420,79
2020-08-04 00:00:00,5159,7878,144
2020-08-05 00:00:00,5204,7555,139
2020-08-06 00:00:00,5267,7331,116
2020-08-07 00:00:00,5241,7235,119
2020-08-08 00:00:00,5212,6615,129
2020-08-09 00:00:00,5189,3215,77
2020-08-10 00:00:00,5118,3259,70
2020-08-11 00:00:00,4945,6494,130
2020-08-12 00:00:00,5102,7123,129
2020-08-13 00:00:00,5057,6098,124
2020-08-14 00:00:00,5065,6568,114
2020-08-15 00:00:00,5061,6447,119
2020-08-16 00:00:00,4969,3557,68
2020-08-17 00:00:00,4892,3133,55
2020-08-18 00:00:00,4748,6527,132
2020-08-19 00:00:00,4828,6795,117
2020-08-20 00:00:00,4785,6090,110
2020-08-21 00:00:00,4870,5817,90
2020-08-22 00:00:00,4921,6147,121
2020-08-23 00:00:00,4852,3162,73
2020-08-24 00:00:00,4744,2456,65
2020-08-25 00:00:00,4696,6652,120
2020-08-26 00:00:00,4676,6403,115
2020-08-27 00:00:00,4711,6411,121
2020-08-28 00:00:00,4829,5905,110
2020-08-29 00:00:00,4941,5917,111
2020-08-30 00:00:00,4980,2599,68
2020-08-31 00:00:00,4993,2405,83
2020-09-01 00:00:00,4729,6318,123
2020-09-02 00:00:00,4952,5464,115
2020-09-03 00:00:00,4995,5766,114
2020-09-04 00:00:00,5110,5812,121
2020-09-05 00:00:00,5205,5379,110
2020-09-06 00:00:00,5195,2823,61
2020-09-07 00:00:00,5185,2328,51
2020-09-08 00:00:00,5099,6772,122
2020-09-09 00:00:00,5218,6409,142
2020-09-10 00:00:00,5363,5915,128
2020-09-11 00:00:00,5504,5734,102
2020-09-12 00:00:00,5488,5428,119
2020-09-13 00:00:00,5449,2690,94
2020-09-14 00:00:00,5509,2475,57
2020-09-15 00:00:00,5529,5605,150
2020-09-16 00:00:00,5670,5809,132
2020-09-17 00:00:00,5762,5754,144
2020-09-18 00:00:00,5905,5339,134
2020-09-19 00:00:00,6065,5255,144
2020-09-20 00:00:00,6148,2895,79
2020-09-21 00:00:00,6196,2616,71
2020-09-22 00:00:00,6215,5976,160
2020-09-23 00:00:00,6431,5750,150
2020-09-24 00:00:00,6595,6130,149
2020-09-25 00:00:00,7212,4317,108
2020-09-26 00:00:00,7523,6004,169
2020-09-27 00:00:00,7867,3068,99
2020-09-28 00:00:00,8135,2702,61
2020-09-29 00:00:00,8232,6479,160
2020-09-30 00:00:00,8481,5858,177
2020-10-01 00:00:00,8945,5985,169
2020-10-02 00:00:00,9412,6054,186
2020-10-03 00:00:00,9859,5563,174
2020-10-04 00:00:00,10499,3284,107
2020-10-05 00:00:00,10888,3181,117
2020-10-06 00:00:00,11615,6252,188
2020-10-07 00:00:00,11115,6699,202
2020-10-08 00:00:00,11493,7054,191
2020-10-09 00:00:00,12126,7092,201
2020-10-10 00:00:00,12846,6781,191
2020-10-11 00:00:00,13634,4240,149
2020-10-12 00:00:00,13592,3793,125
2020-10-13 00:00:00,13868,7550,244
2020-10-14 00:00:00,14231,7920,239
2020-10-15 00:00:00,13754,8392,286
2020-10-16 00:00:00,15150,8485,232
2020-10-17 00:00:00,14922,8617,279
2020-10-18 00:00:00,15099,5377,185
2020-10-19 00:00:00,15982,5328,179
2020-10-20 00:00:00,16319,9704,269
2020-10-21 00:00:00,15700,10952,317
2020-10-22 00:00:00,15971,11428,290
2020-10-23 00:00:00,17340,11263,283
2020-10-24 00:00:00,16521,11567,296
2020-10-25 00:00:00,16710,7704,229
2020-10-26 00:00:00,17347,7574,219
2020-10-27 00:00:00,16550,12844,320
2020-10-28 00:00:00,16202,12361,346
2020-10-29 00:00:00,17717,14740,366
2020-10-30 00:00:00,18283,14519,355
2020-10-31 00:00:00,18140,14854,334
2020-11-01 00:00:00,18665,10259,245
2020-11-02 00:00:00,18257,10360,238
2020-11-03 00:00:00,18648,15331,355
2020-11-04 00:00:00,19768,15567,389
2020-11-05 00:00:00,19404,12238,292
2020-11-06 00:00:00,20582,16955,378
2020-11-07 00:00:00,20396,16803,364
2020-11-08 00:00:00,20498,11492,286
2020-11-09 00:00:00,21798,10722,256
2020-11-10 00:00:00,20977,15600,368
2020-11-11 00:00:00,19851,18616,432
2020-11-12 00:00:00,21608,18811,439
2020-11-13 00:00:00,21983,18735,411
2020-11-14 00:00:00,22702,18626,391
2020-11-15 00:00:00,22572,14456,352
2020-11-16 00:00:00,22778,13864,303
2020-11-17 00:00:00,22410,22055,442
2020-11-18 00:00:00,20985,25179,456
2020-11-19 00:00:00,23610,25573,463
2020-11-20 00:00:00,24318,24758,461
2020-11-21 00:00:00,24822,26021,467
2020-11-22 00:00:00,24581,18008,401
2020-11-23 00:00:00,25173,16002,361
2020-11-24 00:00:00,24326,23226,491
2020-11-25 00:00:00,23675,25748,507
2020-11-26 00:00:00,25487,25073,524
2020-11-27 00:00:00,27543,26682,496
2020-11-28 00:00:00,27100,27296,510
2020-11-29 00:00:00,26683,21987,459
2020-11-30 00:00:00,26338,17247,368
2020-12-01 00:00:00,26402,24763,569
2020-12-02 00:00:00,25345,26882,589
2020-12-03 00:00:00,28145,29502,554
2020-12-04 00:00:00,27403,28901,569
2020-12-05 00:00:00,28782,27644,508
2020-12-06 00:00:00,29039,21342,457
2020-12-07 00:00:00,28142,18850,456
2020-12-08 00:00:00,26097,24938,562
2020-12-09 00:00:00,26190,26266,559
2020-12-10 00:00:00,27927,25877,562
2020-12-11 00:00:00,28585,26171,613
2020-12-12 00:00:00,28137,26118,560
2020-12-13 00:00:00,28080,20277,488
2020-12-14 00:00:00,27328,18562,450
2020-12-15 00:00:00,26689,24813,577
2020-12-16 00:00:00,26509,26490,596
2020-12-17 00:00:00,28214,26440,587
2020-12-18 00:00:00,28552,26093,611
2020-12-19 00:00:00,28209,26109,585
2020-12-20 00:00:00,28948,20915,511
2020-12-21 00:00:00,29350,19705,493
2020-12-22 00:00:00,28776,24158,561
2020-12-23 00:00:00,27250,24447,549
2020-12-24 00:00:00,29935,26890,635
2020-12-25 00:00:00,29018,27397,563
2020-12-26 00:00:00,29258,28185,567
2020-12-27 00:00:00,28284,24390,552
2020-12-28 00:00:00,27787,20480,487
2020-12-29 00:00:00,27002,24874,562
2020-12-30 00:00:00,26513,29235,599
2020-12-31 00:00:00,27747,28922,593
2021-01-01 00:00:00,27039,25798,536
2021-01-02 00:00:00,26301,18897,447
2021-01-03 00:00:00,24150,19847,504
2021-01-04 00:00:00,23351,21154,482
2021-01-05 00:00:00,24246,22632,518
2021-01-06 00:00:00,24217,23055,445
2021-01-07 00:00:00,23541,23729,506
2021-01-08 00:00:00,23652,21677,454
2021-01-09 00:00:00,23309,23680,470
2021-01-10 00:00:00,22851,24080,456
2021-01-11 00:00:00,23315,21786,436
2021-01-12 00:00:00,22934,24755,531
2021-01-13 00:00:00,22850,28658,566
2021-01-14 00:00:00,24763,27956,570
2021-01-15 00:00:00,24715,27636,555
2021-01-16 00:00:00,24092,27311,590
2021-01-17 00:00:00,23586,23440,481
2021-01-18 00:00:00,22857,18333,471
2021-01-19 00:00:00,21734,23262,586
2021-01-20 00:00:00,21152,25290,597
2021-01-21 00:00:00,21887,26902,612
2021-01-22 00:00:00,21513,27318,580
2021-01-23 00:00:00,20921,27779,559
2021-01-24 00:00:00,21127,22445,491
2021-01-25 00:00:00,19290,19003,456
2021-01-26 00:00:00,18241,23798,564
2021-01-27 00:00:00,17741,27922,594
2021-01-28 00:00:00,19138,26775,575
2021-01-29 00:00:00,19238,26204,534
2021-01-30 00:00:00,19032,24502,512
2021-01-31 00:00:00,18359,20040,485
2021-02-01 00:00:00,17648,18169,437
2021-02-02 00:00:00,16643,22372,539
2021-02-03 00:00:00,16474,24822,526
2021-02-04 00:00:00,16714,24546,521
2021-02-05 00:00:00,16688,23582,527
2021-02-06 00:00:00,16627,22831,497
2021-02-07 00:00:00,16048,19884,432
2021-02-08 00:00:00,15916,15881,407
2021-02-09 00:00:00,15019,21795,530
2021-02-10 00:00:00,14494,22575,536
2021-02-11 00:00:00,15038,21961,553
2021-02-12 00:00:00,15089,20720,507
2021-02-13 00:00:00,14861,18765,502
2021-02-14 00:00:00,14185,15194,430
2021-02-15 00:00:00,14207,13935,394
2021-02-16 00:00:00,13233,17627,459
2021-02-17 00:00:00,12828,17919,467
2021-02-18 00:00:00,13447,18730,480
2021-02-19 00:00:00,13433,18637,470
2021-02-20 00:00:00,12953,17484,480
2021-02-21 00:00:00,12742,16012,417
2021-02-22 00:00:00,12604,12943,337
2021-02-23 00:00:00,11823,12956,417
2021-02-24 00:00:00,11749,12218,383
2021-02-25 00:00:00,11198,16102,446
2021-02-26 00:00:00,11086,15722,428
2021-02-27 00:00:00,11534,16020,439
2021-02-28 00:00:00,11359,12391,379
2021-03-01 00:00:00,11571,11277,333
2021-03-02 00:00:00,10565,14966,441
2021-03-03 00:00:00,10535,15694,452
2021-03-04 00:00:00,11385,16123,475
2021-03-05 00:00:00,11024,15464,462
2021-03-06 00:00:00,11022,15027,441
2021-03-07 00:00:00,10595,11576,368
2021-03-08 00:00:00,10253,10322,379
2021-03-09 00:00:00,9445,9931,336
2021-03-10 00:00:00,9079,13350,466
2021-03-11 00:00:00,9270,14006,459
2021-03-12 00:00:00,9794,13496,486
2021-03-13 00:00:00,9908,12868,475
2021-03-14 00:00:00,10083,9232,395
2021-03-15 00:00:00,9437,8447,404
2021-03-16 00:00:00,9393,10644,443
2021-03-17 00:00:00,8998,10755,427
2021-03-18 00:00:00,9803,12061,460
2021-03-19 00:00:00,9699,12337,443
2021-03-20 00:00:00,9632,11279,392
2021-03-21 00:00:00,9299,8743,371
2021-03-22 00:00:00,9284,7790,361
2021-03-23 00:00:00,8457,10860,427
2021-03-24 00:00:00,8861,10355,401
2021-03-25 00:00:00,9221,10881,393
2021-03-26 00:00:00,9167,10880,405
2021-03-27 00:00:00,8885,10337,387
2021-03-28 00:00:00,9088,8630,336
2021-03-29 00:00:00,8711,7280,293
2021-03-30 00:00:00,8277,9588,409
2021-03-31 00:00:00,8275,10176,408
2021-04-01 00:00:00,9169,10247,383
2021-04-02 00:00:00,8792,9832,400
2021-04-03 00:00:00,9021,9618,384
2021-04-04 00:00:00,8817,8212,357
2021-04-05 00:00:00,8646,7052,343
2021-04-06 00:00:00,8328,8902,389
2021-04-07 00:00:00,8294,9445,374
2021-04-08 00:00:00,8672,9558,365
2021-04-09 00:00:00,9150,9662,402
2021-04-10 00:00:00,8704,9579,402
2021-04-11 00:00:00,8702,7230,337
2021-04-12 00:00:00,8320,6656,277
2021-04-13 00:00:00,8173,9611,338
2021-04-14 00:00:00,8326,9447,399
2021-04-15 00:00:00,8944,10225,398
2021-04-16 00:00:00,8995,9109,397
2021-04-17 00:00:00,9321,8832,398
2021-04-18 00:00:00,8632,7391,389
2021-04-19 00:00:00,8589,6818,346
2021-04-20 00:00:00,8164,9631,379
2021-04-21 00:00:00,8271,9644,399
2021-04-22 00:00:00,8996,8934,397
2021-04-23 00:00:00,8840,9407,398
2021-04-24 00:00:00,8828,9254,399
2021-04-25 00:00:00,8780,7540,332
2021-04-26 00:00:00,8803,6631,356
2021-04-27 00:00:00,8053,8039,392
2021-04-28 00:00:00,7848,8420,387
2021-04-29 00:00:00,9284,8442,364
2021-04-30 00:00:00,8731,8406,397
2021-05-01 00:00:00,9270,8637,392
2021-05-02 00:00:00,8697,7339,342
2021-05-03 00:00:00,8489,6367,336
2021-05-04 00:00:00,7770,6755,337
2021-05-05 00:00:00,7975,7506,360
2021-05-06 00:00:00,7639,7788,351
2021-05-07 00:00:00,8386,8022,376
2021-05-08 00:00:00,8329,8255,370
2021-05-09 00:00:00,8419,7517,334
2021-05-10 00:00:00,8465,6774,321
2021-05-11 00:00:00,8115,7009,329
2021-05-12 00:00:00,8217,8614,355
2021-05-13 00:00:00,8380,9349,392
2021-05-14 00:00:00,9462,9756,393
2021-05-15 00:00:00,8790,9866,364
2021-05-16 00:00:00,8554,8573,391
2021-05-17 00:00:00,9328,7181,340
2021-05-18 00:00:00,8183,8972,364
2021-05-19 00:00:00,7920,9561,390
2021-05-20 00:00:00,9232,9983,385
2021-05-21 00:00:00,8937,9350,389
2021-05-22 00:00:00,8709,9345,386
2021-05-23 00:00:00,8951,7297,357
2021-05-24 00:00:00,8406,6450,319
2021-05-25 00:00:00,7884,8743,393
2021-05-26 00:00:00,8373,9135,406
2021-05-27 00:00:00,9039,9759,402
2021-05-28 00:00:00,9252,9385,404
2021-05-29 00:00:00,9289,9250,401
2021-05-30 00:00:00,9694,7386,355
2021-05-31 00:00:00,8475,6715,339
2021-06-01 00:00:00,9500,8994,372
2021-06-02 00:00:00,8832,9020,394
2021-06-03 00:00:00,8933,9383,393
2021-06-04 00:00:00,8947,8530,377
2021-06-05 00:00:00,9145,8565,399
2021-06-06 00:00:00,9163,7369,351
2021-06-07 00:00:00,9429,6756,330
2021-06-08 00:00:00,9977,8883,379
2021-06-09 00:00:00,10407,9814,399
2021-06-10 00:00:00,11699,10096,383
2021-06-11 00:00:00,12505,10188,396
2021-06-12 00:00:00,13510,9986,399
2021-06-13 00:00:00,14723,9166,357
2021-06-14 00:00:00,13721,8312,371
2021-06-15 00:00:00,14185,8597,379
2021-06-16 00:00:00,13397,10256,396
2021-06-17 00:00:00,14057,11205,416
2021-06-18 00:00:00,17262,10954,453
2021-06-19 00:00:00,17906,10684,466
2021-06-20 00:00:00,17611,8629,450
2021-06-21 00:00:00,17378,8361,440
2021-06-22 00:00:00,16715,11117,546
2021-06-23 00:00:00,17594,12660,548
2021-06-24 00:00:00,20182,13505,568
2021-06-25 00:00:00,20393,14024,601
2021-06-26 00:00:00,21665,14347,619
2021-06-27 00:00:00,20538,12728,599
2021-06-28 00:00:00,21650,12626,611
2021-06-29 00:00:00,20616,14697,652
2021-06-30 00:00:00,21042,16356,669
2021-07-01 00:00:00,23543,16928,672
2021-07-02 00:00:00,23218,18197,679
2021-07-03 00:00:00,24439,17899,697
2021-07-04 00:00:00,25142,15484,663
2021-07-05 00:00:00,24353,14540,654
2021-07-06 00:00:00,23378,18411,737
2021-07-07 00:00:00,23962,20067,725
2021-07-08 00:00:00,24818,21336,734
2021-07-09 00:00:00,25766,21832,726
2021-07-10 00:00:00,25082,17750,752
2021-07-11 00:00:00,25033,17382,749
2021-07-12 00:00:00,25140,16429,710
2021-07-13 00:00:00,24702,19566,780
2021-07-14 00:00:00,23827,21269,786
2021-07-15 00:00:00,25293,21493,791
2021-07-16 00:00:00,25704,21932,799
2021-07-17 00:00:00,25116,21437,787
2021-07-18 00:00:00,25018,18886,764
2021-07-19 00:00:00,24633,18764,719
2021-07-20 00:00:00,23770,22218,784
2021-07-21 00:00:00,23704,22584,783
2021-07-22 00:00:00,24471,22660,796
2021-07-23 00:00:00,23811,22547,795
2021-07-24 00:00:00,23947,21952,799
2021-07-25 00:00:00,24072,18678,779
2021-07-26 00:00:00,23239,16200,727
2021-07-27 00:00:00,23032,20116,779
2021-07-28 00:00:00,22420,20579,798
2021-07-29 00:00:00,23270,20834,799
2021-07-30 00:00:00,23564,20485,794
2021-07-31 00:00:00,23807,19771,792
2021-08-01 00:00:00,22804,17271,789
2021-08-02 00:00:00,23508,14893,785
2021-08-03 00:00:00,22010,18963,788
2021-08-04 00:00:00,22589,20096,790
2021-08-05 00:00:00,23120,20370,794
2021-08-06 00:00:00,22660,20141,792
2021-08-07 00:00:00,22320,19485,793
2021-08-08 00:00:00,22866,15669,787
2021-08-09 00:00:00,22160,14474,769
2021-08-10 00:00:00,21378,18729,792
2021-08-11 00:00:00,21571,20067,799
2021-08-12 00:00:00,21932,20195,808
2021-08-13 00:00:00,22277,19368,815
2021-08-14 00:00:00,22144,19550,819
2021-08-15 00:00:00,21624,16426,816
2021-08-16 00:00:00,20765,15601,806
2021-08-17 00:00:00,20958,18407,805
2021-08-18 00:00:00,20914,20713,799
2021-08-19 00:00:00,21058,24017,791
2021-08-20 00:00:00,20992,20351,785
2021-08-21 00:00:00,21000,20647,797
2021-08-22 00:00:00,20564,15414,762
2021-08-23 00:00:00,19454,15401,776
2021-08-24 00:00:00,18833,18636,794
2021-08-25 00:00:00,19536,19654,809
2021-08-26 00:00:00,19630,19661,820
2021-08-27 00:00:00,19509,19217,798
2021-08-28 00:00:00,19492,19411,799
2021-08-29 00:00:00,19286,16804,797
2021-08-30 00:00:00,18325,14180,792
2021-08-31 00:00:00,17813,18624,795
2021-09-01 00:00:00,18368,18325,790
2021-09-02 00:00:00,18985,18669,798
2021-09-03 00:00:00,18856,18690,799
2021-09-04 00:00:00,18780,18737,796
2021-09-05 00:00:00,18645,15256,793
2021-09-06 00:00:00,17856,14276,790
2021-09-07 00:00:00,17425,17243,795
2021-09-08 00:00:00,18024,18262,797
2021-09-09 00:00:00,18380,19639,794
2021-09-10 00:00:00,18341,17121,789
2021-09-11 00:00:00,18891,17888,796
2021-09-12 00:00:00,18554,14497,788
2021-09-13 00:00:00,18178,12469,719
2021-09-14 00:00:00,17837,15907,781
2021-09-15 00:00:00,18841,17039,792
2021-09-16 00:00:00,19594,17326,794
2021-09-17 00:00:00,19905,16619,791
2021-09-18 00:00:00,20329,16247,799
2021-09-19 00:00:00,20174,13418,793
2021-09-20 00:00:00,19744,11992,778
2021-09-21 00:00:00,19179,15437,812
2021-09-22 00:00:00,19706,16102,817
2021-09-23 00:00:00,21438,16567,820
2021-09-24 00:00:00,21379,15828,828
2021-09-25 00:00:00,22041,16325,822
2021-09-26 00:00:00,22498,13671,805
2021-09-27 00:00:00,22236,13513,779
2021-09-28 00:00:00,21559,17368,852
2021-09-29 00:00:00,22430,18456,857
2021-09-30 00:00:00,23888,18826,867
2021-10-01 00:00:00,24522,19955,887
2021-10-02 00:00:00,25219,17852,886
2021-10-03 00:00:00,25769,15391,890
2021-10-04 00:00:00,25781,14526,883
2021-10-05 00:00:00,25110,18568,895
2021-10-06 00:00:00,25133,19841,929
2021-10-07 00:00:00,27550,20330,924
2021-10-08 00:00:00,27246,20566,936
2021-10-09 00:00:00,29362,21049,968
2021-10-10 00:00:00,28647,17274,962
2021-10-11 00:00:00,29409,15460,957
2021-10-12 00:00:00,28190,20706,973
2021-10-13 00:00:00,28717,21801,984
2021-10-14 00:00:00,31299,21670,985
2021-10-15 00:00:00,32196,22268,999
2021-10-16 00:00:00,33208,21883,1002
2021-10-17 00:00:00,34303,18717,997
2021-10-18 00:00:00,34325,16431,998
2021-10-19 00:00:00,33740,23426,1015
2021-10-20 00:00:00,34073,25231,1028
2021-10-21 00:00:00,36339,25895,1036
2021-10-22 00:00:00,37141,25453,1064
2021-10-23 00:00:00,37678,26077,1075
2021-10-24 00:00:00,35660,22784,1072
2021-10-25 00:00:00,37930,20690,1069
2021-10-26 00:00:00,36446,26973,1106
2021-10-27 00:00:00,36582,29151,1123
2021-10-28 00:00:00,40096,29318,1159
2021-10-29 00:00:00,39849,30462,1163
2021-10-30 00:00:00,40251,28909,1160
2021-10-31 00:00:00,40993,27115,1158
2021-11-01 00:00:00,40402,23187,1155
2021-11-02 00:00:00,39008,30905,1178
2021-11-03 00:00:00,40443,32807,1189
2021-11-04 00:00:00,40217,31928,1195
2021-11-05 00:00:00,40735,28605,1192
2021-11-06 00:00:00,41335,29201,1188
2021-11-07 00:00:00,39165,26806,1179
2021-11-08 00:00:00,39400,25582,1190
2021-11-09 00:00:00,39160,32036,1211
2021-11-10 00:00:00,38058,34565,1239
2021-11-11 00:00:00,40759,33156,1237
2021-11-12 00:00:00,40123,33645,1235
2021-11-13 00:00:00,39256,33802,1241
2021-11-14 00:00:00,38823,29821,1219
2021-11-15 00:00:00,38420,27702,1211
2021-11-16 00:00:00,36818,34161,1240
2021-11-17 00:00:00,36626,36388,1247
2021-11-18 00:00:00,37374,36414,1251
2021-11-19 00:00:00,37156,37004,1254
2021-11-20 00:00:00,37120,36172,1254
2021-11-21 00:00:00,36970,32504,1252
2021-11-22 00:00:00,35681,28713,1241
2021-11-23 00:00:00,33996,36051,1243
2021-11-24 00:00:00,33558,36682,1240
2021-11-25 00:00:00,33796,38450,1238
2021-11-26 00:00:00,34690,36145,1235
2021-11-27 00:00:00,33946,36494,1239
2021-11-28 00:00:00,33548,30646,1224
2021-11-29 00:00:00,33860,27700,1209
2021-11-30 00:00:00,32648,33442,1229
2021-12-01 00:00:00,32837,35679,1226
2021-12-02 00:00:00,33389,35185,1221
2021-12-03 00:00:00,32930,36514,1217
2021-12-04 00:00:00,32974,35182,1215
2021-12-05 00:00:00,32602,30593,1206
2021-12-06 00:00:00,32136,28070,1184
2021-12-07 00:00:00,31096,34615,1182
2021-12-08 00:00:00,30752,36976,1179
2021-12-09 00:00:00,30209,35794,1181
2021-12-10 00:00:00,30873,35657,1176
2021-12-11 00:00:00,30288,36446,1171
2021-12-12 00:00:00,29929,31391,1132
2021-12-13 00:00:00,29558,28561,1121
2021-12-14 00:00:00,28343,34084,1145
2021-12-15 00:00:00,28363,35633,1142
2021-12-16 00:00:00,28486,37155,1133
2021-12-17 00:00:00,27743,37437,1080
2021-12-18 00:00:00,27434,38041,1076
2021-12-19 00:00:00,27967,32655,1023
2021-12-20 00:00:00,27022,30059,1019
2021-12-21 00:00:00,25907,40219,1027
2021-12-22 00:00:00,25264,42322,1020
2021-12-23 00:00:00,25667,41645,1002
2021-12-24 00:00:00,24703,41213,998
2021-12-25 00:00:00,24946,42107,981
2021-12-26 00:00:00,23721,37285,968
2021-12-27 00:00:00,23210,33715,937
2021-12-28 00:00:00,21922,43961,935
2021-12-29 00:00:00,21119,42776,932
2021-12-30 00:00:00,21073,43004,926
2021-12-31 00:00:00,20638,40692,912
2022-01-01 00:00:00,19751,33144,847
2022-01-02 00:00:00,18233,26976,811
2022-01-03 00:00:00,16343,24037,835
2022-01-04 00:00:00,15903,27071,834
2022-01-05 00:00:00,15772,25581,828
2022-01-06 00:00:00,15316,22949,802
2022-01-07 00:00:00,16735,22035,787
2022-01-08 00:00:00,16568,20449,796
2022-01-09 00:00:00,16246,20751,763
2022-01-10 00:00:00,15830,19890,741
2022-01-11 00:00:00,17525,25216,783
2022-01-12 00:00:00,17946,26346,745
2022-01-13 00:00:00,21155,25984,740
2022-01-14 00:00:00,23820,24952,739
2022-01-15 00:00:00,27179,26584,723
2022-01-16 00:00:00,29230,22731,686
2022-01-17 00:00:00,30726,19756,670
2022-01-18 00:00:00,31252,24564,688
2022-01-19 00:00:00,33899,22920,698
2022-01-20 00:00:00,38850,24478,684
2022-01-21 00:00:00,49513,24719,692
2022-01-22 00:00:00,57212,25525,681
2022-01-23 00:00:00,63205,23045,679
2022-01-24 00:00:00,65109,21714,655
2022-01-25 00:00:00,67809,26404,681
2022-01-26 00:00:00,74692,28197,657
2022-01-27 00:00:00,88816,29754,665
2022-01-28 00:00:00,98040,29506,673
2022-01-29 00:00:00,113122,30010,668
2022-01-30 00:00:00,121228,28944,617
2022-01-31 00:00:00,124070,30130,621
2022-02-01 00:00:00,125836,40301,663
2022-02-02 00:00:00,141883,48426,678
2022-02-03 00:00:00,155768,53724,667
2022-02-04 00:00:00,168201,58449,682
2022-02-05 00:00:00,177282,60507,714
2022-02-06 00:00:00,180071,59583,661
2022-02-07 00:00:00,171905,55683,609
2022-02-08 00:00:00,165643,81188,698
2022-02-09 00:00:00,183103,97163,669
2022-02-10 00:00:00,197076,106092,701
2022-02-11 00:00:00,203949,112236,722
2022-02-12 00:00:00,203766,112658,729
2022-02-13 00:00:00,197949,101568,706
2022-02-14 00:00:00,180456,97185,683
2022-02-15 00:00:00,166631,137881,704
2022-02-16 00:00:00,179284,172468,748
2022-02-17 00:00:00,180622,185082,790
2022-02-18 00:00:00,180071,198369,784
2022-02-19 00:00:00,179147,191098,798
2022-02-20 00:00:00,170699,147296,745
2022-02-21 00:00:00,152337,127494,735
2022-02-22 00:00:00,135172,164293,796
2022-02-23 00:00:00,137642,179203,785
2022-02-24 00:00:00,132998,136433,762
2022-02-25 00:00:00,123460,167310,787
2022-02-26 00:00:00,122995,181343,793
2022-02-27 00:00:00,116093,137596,769
2022-02-28 00:00:00,106920,116742,733
2022-03-01 00:00:00,97333,172813,786
2022-03-02 00:00:00,97455,183530,784
2022-03-03 00:00:00,93026,170689,781
2022-03-04 00:00:00,89174,160507,776
2022-03-05 00:00:00,86769,155725,750
2022-03-06 00:00:00,79863,149060,744
2022-03-07 00:00:00,73162,122619,671
2022-03-08 00:00:00,66576,111756,649
2022-03-09 00:00:00,58675,92732,645
2022-03-10 00:00:00,51231,148634,665
2022-03-11 00:00:00,50743,151210,674
2022-03-12 00:00:00,48154,156851,630
2022-03-13 00:00:00,44989,128629,596
2022-03-14 00:00:00,41055,105243,533
2022-03-15 00:00:00,36678,118372,558
2022-03-16 00:00:00,36519,118009,576
2022-03-17 00:00:00,34819,112614,561
2022-03-18 00:00:00,34442,105064,524
2022-03-19 00:00:00,32958,95558,495
2022-03-20 00:00:00,31035,74675,434
2022-03-21 00:00:00,28709,61938,409
2022-03-22 00:00:00,26394,74920,472
2022-03-23 00:00:00,26826,70622,429
2022-03-24 00:00:00,25387,66476,418
2022-03-25 00:00:00,25382,61860,398
2022-03-26 00:00:00,24072,60933,395
2022-03-27 00:00:00,23280,47540,338
2022-03-28 00:00:00,21101,35746,335
2022-03-29 00:00:00,19660,47229,339
2022-03-30 00:00:00,20145,51085,352
2022-03-31 00:00:00,19277,50496,345
2022-04-01 00:00:00,19164,45998,342
2022-04-02 00:00:00,17949,44547,340
2022-04-03 00:00:00,16828,35695,304
2022-04-04 00:00:00,15291,32850,287
2022-04-05 00:00:00,13947,37459,316
2022-04-06 00:00:00,14661,35306,291
2022-04-07 00:00:00,14355,35304,287
2022-04-08 00:00:00,14311,37684,280
2022-04-09 00:00:00,13573,40100,288
2022-04-10 00:00:00,13056,29372,259
2022-04-11 00:00:00,11855,26755,248
2022-04-12 00:00:00,10910,31271,281
2022-04-13 00:00:00,11754,28135,267
2022-04-14 00:00:00,11348,21853,254
2022-04-15 00:00:00,11432,19523,261
2022-04-16 00:00:00,11095,19006,240
2022-04-17 00:00:00,10263,16496,233
2022-04-18 00:00:00,9434,14324,213
2022-04-19 00:00:00,8640,16763,235
2022-04-20 00:00:00,9195,16200,223
2022-04-21 00:00:00,8875,14182,197
2022-04-22 00:00:00,9001,13480,195
2022-04-23 00:00:00,8829,13030,171
2022-04-24 00:00:00,8446,10508,168
2022-04-25 00:00:00,7651,8855,159
2022-04-26 00:00:00,7107,11899,176
2022-04-27 00:00:00,7705,11477,163
2022-04-28 00:00:00,7681,11063,166
2022-04-29 00:00:00,7710,11041,161
2022-04-30 00:00:00,7363,11022,157
2022-05-01 00:00:00,7047,8733,147
2022-05-02 00:00:00,6207,7502,136
2022-05-03 00:00:00,5466,7052,125
2022-05-04 00:00:00,5093,6664,129
2022-05-05 00:00:00,5011,8723,139
2022-05-06 00:00:00,5541,9408,136
2022-05-07 00:00:00,5500,8649,132
2022-05-08 00:00:00,5447,6682,118
2022-05-09 00:00:00,5030,5959,103
2022-05-10 00:00:00,4531,5014,101
2022-05-11 00:00:00,4102,5043,98
2022-05-12 00:00:00,4065,6930,111
2022-05-13 00:00:00,4896,7257,105
2022-05-14 00:00:00,5047,7378,107
2022-05-15 00:00:00,4956,6200,99
2022-05-16 00:00:00,4543,5379,89
2022-05-17 00:00:00,4122,5984,110
2022-05-18 00:00:00,4732,6134,106
2022-05-19 00:00:00,4927,5952,97
2022-05-20 00:00:00,5089,6173,96
2022-05-21 00:00:00,5034,6288,102
2022-05-22 00:00:00,4710,5814,80
2022-05-23 00:00:00,4158,5117,76
2022-05-24 00:00:00,3785,6352,90
2022-05-25 00:00:00,4580,6705,93
2022-05-26 00:00:00,4700,6455,91
2022-05-27 00:00:00,4619,6064,84
2022-05-28 00:00:00,4556,5844,86
2022-05-29 00:00:00,4188,4411,85
2022-05-30 00:00:00,3801,4019,74
2022-05-31 00:00:00,3526,5486,88
2022-06-01 00:00:00,4151,5628,83
2022-06-02 00:00:00,4262,4976,85
2022-06-03 00:00:00,4188,5234,78
2022-06-04 00:00:00,4101,5132,82
2022-06-05 00:00:00,3786,3935,75
2022-06-06 00:00:00,3349,3492,64
2022-06-07 00:00:00,3259,5135,73
2022-06-08 00:00:00,3646,4737,79
2022-06-09 00:00:00,3774,4297,77
2022-06-10 00:00:00,3678,4332,70
2022-06-11 00:00:00,3627,4827,72
2022-06-12 00:00:00,3403,3480,65
2022-06-13 00:00:00,2996,3684,56
2022-06-14 00:00:00,2797,3324,61
2022-06-15 00:00:00,2718,4528,66
2022-06-16 00:00:00,3326,4699,67
2022-06-17 00:00:00,3373,4228,63
2022-06-18 00:00:00,3382,4371,68
2022-06-19 00:00:00,3081,3279,62
2022-06-20 00:00:00,2667,2723,54
2022-06-21 00:00:00,2500,3440,60
2022-06-22 00:00:00,3058,3767,66
2022-06-23 00:00:00,3166,3517,68
2022-06-24 00:00:00,3154,3225,65
2022-06-25 00:00:00,3072,3454,61
2022-06-26 00:00:00,3004,2713,55
2022-06-27 00:00:00,2683,2355,51
2022-06-28 00:00:00,2541,3414,59
2022-06-29 00:00:00,3028,3680,54
2022-06-30 00:00:00,3106,3255,56
2022-07-01 00:00:00,3155,3388,53
2022-07-02 00:00:00,3285,3488,51
2022-07-03 00:00:00,3080,2595,47
2022-07-04 00:00:00,2866,2276,43
2022-07-05 00:00:00,2676,3612,48
2022-07-06 00:00:00,3150,3437,44
2022-07-07 00:00:00,3359,3178,52
2022-07-08 00:00:00,3464,2787,49
2022-07-09 00:00:00,3539,3086,45
2022-07-10 00:00:00,3398,2496,39
2022-07-11 00:00:00,3097,2296,38
2022-07-12 00:00:00,3002,3209,48
2022-07-13 00:00:00,3929,3363,42
2022-07-14 00:00:00,4238,3090,43
2022-07-15 00:00:00,4457,2929,40
2022-07-16 00:00:00,4698,2879,41
2022-07-17 00:00:00,4664,2483,46
2022-07-18 00:00:00,4548,2531,35
2022-07-19 00:00:00,4200,4186,44
2022-07-20 00:00:00,5685,4317,37
2022-07-21 00:00:00,6391,4529,42
2022-07-22 00:00:00,6659,4687,41
2022-07-23 00:00:00,6953,4803,38
2022-07-24 00:00:00,7523,4812,37
2022-07-25 00:00:00,6571,4234,34
2022-07-26 00:00:00,6183,5422,47
2022-07-27 00:00:00,9027,5115,36
2022-07-28 00:00:00,11515,5018,41
2022-07-29 00:00:00,11422,4670,39
2022-07-30 00:00:00,12248,6209,43
2022-07-31 00:00:00,12498,6056,38
2022-08-01 00:00:00,10824,6077,36
2022-08-02 00:00:00,9560,8573,48
2022-08-03 00:00:00,14638,10266,43
2022-08-04 00:00:00,17126,9752,44
2022-08-05 00:00:00,18555,9817,47
2022-08-06 00:00:00,19974,10743,46
2022-08-07 00:00:00,20303,8729,44
2022-08-08 00:00:00,17862,8721,45
2022-08-09 00:00:00,16325,13092,60
2022-08-10 00:00:00,23771,14552,56
2022-08-11 00:00:00,25815,14221,52
2022-08-12 00:00:00,27810,14320,57
2022-08-13 00:00:00,28694,16874,60
2022-08-14 00:00:00,28982,14942,54
2022-08-15 00:00:00,25273,15410,53
2022-08-16 00:00:00,23909,20583,59
2022-08-17 00:00:00,33106,22680,63
2022-08-18 00:00:00,35809,21491,62
2022-08-19 00:00:00,37609,21887,65
2022-08-20 00:00:00,40010,24222,69
2022-08-21 00:00:00,39669,22236,64
2022-08-22 00:00:00,33061,22281,57
2022-08-23 00:00:00,30967,30869,69
2022-08-24 00:00:00,40231,32876,72
2022-08-25 00:00:00,43919,30775,71
2022-08-26 00:00:00,46452,33709,81
2022-08-27 00:00:00,47093,32642,90
2022-08-28 00:00:00,46857,28223,83
2022-08-29 00:00:00,39658,24890,77
2022-08-30 00:00:00,37067,36729,94
2022-08-31 00:00:00,46321,39054,92
2022-09-01 00:00:00,49761,38940,95
2022-09-02 00:00:00,50952,37012,91
2022-09-03 00:00:00,51699,38380,92
2022-09-04 00:00:00,48042,35732,87
2022-09-05 00:00:00,41690,30703,76
2022-09-06 00:00:00,38500,46304,95
2022-09-07 00:00:00,47958,52611,94
2022-09-08 00:00:00,50618,50293,93
2022-09-09 00:00:00,52106,51086,96
2022-09-10 00:00:00,53486,46023,97
2022-09-11 00:00:00,52829,37288,86
2022-09-12 00:00:00,46488,35660,81
2022-09-13 00:00:00,44045,48187,101
2022-09-14 00:00:00,51735,50251,98
2022-09-15 00:00:00,56126,49752,99
2022-09-16 00:00:00,59035,50020,110
2022-09-17 00:00:00,58305,49962,107
2022-09-18 00:00:00,56751,42198,101
2022-09-19 00:00:00,49488,38595,91
2022-09-20 00:00:00,46474,52194,98
2022-09-21 00:00:00,53045,59718,107
2022-09-22 00:00:00,53457,57019,106
2022-09-23 00:00:00,53335,57625,104
2022-09-24 00:00:00,51269,58412,111
2022-09-25 00:00:00,46758,45908,95
2022-09-26 00:00:00,40188,44257,85
2022-09-27 00:00:00,36605,59547,101
2022-09-28 00:00:00,40017,61515,111
2022-09-29 00:00:00,38739,57937,109
2022-09-30 00:00:00,37286,61225,106
2022-10-01 00:00:00,33186,52628,103
2022-10-02 00:00:00,30085,46992,96
2022-10-03 00:00:00,24158,35294,91
2022-10-04 00:00:00,21687,45437,107
2022-10-05 00:00:00,23757,44694,113
2022-10-06 00:00:00,23045,41536,108
2022-10-07 00:00:00,22268,39573,104
2022-10-08 00:00:00,20571,38289,106
2022-10-09 00:00:00,18819,28793,102
2022-10-10 00:00:00,15661,24819,96
2022-10-11 00:00:00,13970,31509,109
2022-10-12 00:00:00,15640,30409,105
2022-10-13 00:00:00,15477,30793,101
2022-10-14 00:00:00,14736,27520,99
2022-10-15 00:00:00,13384,26130,98
2022-10-16 00:00:00,12354,18441,94
2022-10-17 00:00:00,10403,14513,92
2022-10-18 00:00:00,9474,20252,91
2022-10-19 00:00:00,10656,20859,92
2022-10-20 00:00:00,10067,18352,90
2022-10-21 00:00:00,9761,15672,93
2022-10-22 00:00:00,9348,15035,90
2022-10-23 00:00:00,8672,10578,88
2022-10-24 00:00:00,7329,8329,89
2022-10-25 00:00:00,6578,12912,84
2022-10-26 00:00:00,7518,11517,80
2022-10-27 00:00:00,7849,12040,82
2022-10-28 00:00:00,7606,11685,78
2022-10-29 00:00:00,7107,11527,79
2022-10-30 00:00:00,6803,9008,75
2022-10-31 00:00:00,5781,7073,71
2022-11-01 00:00:00,5252,9308,72
2022-11-02 00:00:00,6385,10241,68
2022-11-03 00:00:00,6375,9774,73
2022-11-04 00:00:00,6149,9259,71
2022-11-05 00:00:00,5617,7819,67
2022-11-06 00:00:00,4566,5735,62
2022-11-07 00:00:00,4421,4944,61
2022-11-08 00:00:00,4320,8123,63
2022-11-09 00:00:00,5335,8492,62
2022-11-10 00:00:00,5594,7623,61
2022-11-11 00:00:00,5554,6213,67
2022-11-12 00:00:00,5514,5717,62